sample_to,samples_from,beta_diversity_values,id.to,kefir type.to,Stage.to,data_source.to,id_old.to,observations.to,category_confirmed.to,id.from,kefir type.from,Stage.from,data_source.from,id_old.from,observations.from,category_confirmed.from,same_time
TG_ID056_WL_T2_S47,TG_ID056_WL_T1_S23,0.481423668747275,ID056,WL,wk01,This study,ID056,It looks unchanged,Brown sugar-None,ID056,WL,wk05,This study,ID056,It looks unchanged,Brown sugar-None,wk01 - wk05
TG_ID062_WL_T2_S321,TG_ID062_WL_T1_S140,0.564172937640607,ID062,WL,wk01,This study,ID062,NA,Brown sugar-None,ID062,WL,wk05,This study,ID062,NA,Brown sugar-None,wk01 - wk05
TG_ID070_WL_T2_S20,TG_ID070_WL_T1_S105,0.844840768297847,ID070,WL,wk01,This study,ID070,It looks unchanged,Brown sugar-None,ID070,WL,wk05,This study,ID070,NA,Brown sugar-None,wk01 - wk05
TG_ID082_WL_T2_S345,TG_ID082_WL_T1_S305,0.514714534251164,ID082,WL,wk01,This study,ID082,It looks unchanged,White sugar-dried apricot,ID082,WL,wk05,This study,ID082,It looks unchanged,White sugar-dried apricot,wk01 - wk05
TG_ID084_WL_T2_S369,TG_ID084_WL_T1_S329,0.985862368704387,ID084,WL,wk01,This study,ID084,It looks unchanged,White sugar-dried apricot,ID084,WL,wk05,This study,ID084,It looks unchanged,White sugar-dried apricot,wk01 - wk05
TG_ID085_WL_T2_S298,TG_ID085_WL_T1_S341,0.722342692338031,ID085,WL,wk01,This study,ID085,It is bubbeling,White sugar-dried fig and fresh lemon,ID085,WL,wk05,This study,ID085,It is bubbeling,White sugar-dried fig and fresh lemon,wk01 - wk05
TG_ID086_WL_T2_S310,TG_ID086_WL_T1_S353,0.851268377580351,ID086,WL,wk01,This study,ID086,It looks unchanged,Brown sugar-None,ID086,WL,wk05,This study,ID086,It looks unchanged,Brown sugar-None,wk01 - wk05
TG_ID087_WL_T2_S322,TG_ID087_WL_T1_S365,0.908164818728727,ID087,WL,wk01,This study,ID087,There is a biofilm on top of the liquid,White sugar-dried fig and fresh lemon,ID087,WL,wk05,This study,ID087,There is a biofilm on top of the liquid,White sugar-dried fig and fresh lemon,wk01 - wk05
TG_ID088_WL_T2_S346,TG_ID088_WL_T1_S377,0.916791743792857,ID088,WL,wk01,This study,ID088,It looks unchanged,White sugar-dried fig and fresh lemon,ID088,WL,wk05,This study,ID088,It is bubbeling,White sugar-dried fig and fresh lemon,wk01 - wk05
TG_ID089_WL_T2_S358,TG_ID089_WL_T1_S294,0.954534669809705,ID089,WL,wk01,This study,ID089,It is bubbeling,White sugar-dried apricot,ID089,WL,wk05,This study,ID089,There is a biofilm on top of the liquid,White sugar-dried apricot,wk01 - wk05
TG_ID090_WL_T2_S370,TG_ID090_WL_T1_S306,0.9953976345481,ID090,WL,wk01,This study,ID090,It looks unchanged,White sugar-dried apricot,ID090,WL,wk05,This study,ID090,It is bubbeling,White sugar-dried apricot,wk01 - wk05
TG_ID092_WL_T2_S172,TG_ID092_WL_T1_S318,0.973104139430517,ID092,WL,wk01,This study,ID092,NA,White sugar-dried apricot,ID092,WL,wk05,This study,ID092,NA,White sugar-dried apricot,wk01 - wk05
TG_ID093_WL_T2_S5,TG_ID093_WL_T1_S171,0.405803540678663,ID093,WL,wk01,This study,ID093,It looks unchanged,White sugar-dried fig,ID093,WL,wk05,This study,ID093,There is a biofilm on top of the liquid,White sugar-dried fig,wk01 - wk05
TG_ID097_WL_T2_S153,TG_ID097_WL_T1_S141,0.388417473789255,ID097,WL,wk01,This study,ID097,There is a biofilm on top of the liquid,White sugar-dried fig,ID097,WL,wk05,This study,ID097,There is a biofilm on top of the liquid,White sugar-dried fig,wk01 - wk05
TG_ID103_WL_T2_S85,TG_ID103_WL_T1_S68,0.853882545390308,ID103,WL,wk01,This study,ID103,It looks unchanged,White sugar-dried fig,ID103,WL,wk05,This study,ID103,There is a biofilm on top of the liquid,White sugar-dried fig,wk01 - wk05
TG_ID107_WL_T2_S87,TG_ID107_WL_T1_S86,0.310807836153659,ID107,WL,wk01,This study,ID107,It looks unchanged,White sugar-dried apricot,ID107,WL,wk05,This study,ID107,There is a biofilm on top of the liquid,White sugar-dried apricot,wk01 - wk05
TG_ID110_WL_T2_S177,TG_ID110_WL_T1_S173,0.72905473756389,ID110,WL,wk01,This study,ID110,There is a biofilm on top of the liquid,White sugar-dried fig,ID110,WL,wk05,This study,ID110,It is bubbeling,White sugar-dried fig,wk01 - wk05
TG_ID056_WG_T2_S35,TG_ID056_WG_T1_S11,0.380510459079665,ID056,WG,wk01,This study,ID056,It looks unchanged,Brown sugar-None,ID056,WG,wk05,This study,ID056,It looks unchanged,Brown sugar-None,wk01 - wk05
TG_ID061_WG_T2_S355,TG_ID061_WG_T1_S364,0.886429316054754,ID061,WG,wk01,This study,ID061,It is bubbeling,White sugar-dried apricot,ID061,WG,wk05,This study,ID061,It is bubbeling,White sugar-dried apricot,wk01 - wk05
TG_ID062_WG_T2_S320,TG_ID062_WG_T1_S128,0.447971280467654,ID062,WG,wk01,This study,ID062,NA,Brown sugar-None,ID062,WG,wk05,This study,ID062,NA,Brown sugar-None,wk01 - wk05
TG_ID070_WG_T2_S332,TG_ID070_WG_T1_S188,0.398989590031473,ID070,WG,wk01,This study,ID070,It looks unchanged,Brown sugar-None,ID070,WG,wk05,This study,ID070,It looks unchanged,Brown sugar-None,wk01 - wk05
TG_ID082_WG_T2_S344,TG_ID082_WG_T1_S330,0.296358492061308,ID082,WG,wk01,This study,ID082,It looks unchanged,White sugar-dried apricot,ID082,WG,wk05,This study,ID082,It looks unchanged,White sugar-dried apricot,wk01 - wk05
TG_ID083_WG_T2_S357,TG_ID083_WG_T1_S342,0.331652476669126,ID083,WG,wk01,This study,ID083,It looks unchanged,White sugar-dried fig and fresh lemon,ID083,WG,wk05,This study,ID083,It looks unchanged,White sugar-dried fig and fresh lemon,wk01 - wk05
TG_ID083_WG_T2_S357,TG_ID083_WG_T1_S3,0.32810146807854,ID083,WG,wk01,This study,ID083,It looks unchanged,White sugar-dried fig and fresh lemon,ID083,WG,wk05,This study,ID083,It looks unchanged,White sugar-dried fig and fresh lemon,wk01 - wk05
TG_ID084_WG_T2_S381,TG_ID084_WG_T1_S354,0.969084873163457,ID084,WG,wk01,This study,ID084,It looks unchanged,White sugar-dried apricot,ID084,WG,wk05,This study,ID084,It looks unchanged,White sugar-dried apricot,wk01 - wk05
TG_ID085_WG_T2_S123,TG_ID085_WG_T1_S366,0.65834829219284,ID085,WG,wk01,This study,ID085,It is bubbeling,White sugar-dried fig and fresh lemon,ID085,WG,wk05,This study,ID085,It is bubbeling,White sugar-dried fig and fresh lemon,wk01 - wk05
TG_ID086_WG_T2_S356,TG_ID086_WG_T1_S378,0.543672989452441,ID086,WG,wk01,This study,ID086,It looks unchanged,Brown sugar-None,ID086,WG,wk05,This study,ID086,It looks unchanged,Brown sugar-None,wk01 - wk05
TG_ID087_WG_T2_S334,TG_ID087_WG_T1_S295,0.498526892007373,ID087,WG,wk01,This study,ID087,There is a biofilm on top of the liquid,White sugar-dried fig and fresh lemon,ID087,WG,wk05,This study,ID087,There is a biofilm on top of the liquid,White sugar-dried fig and fresh lemon,wk01 - wk05
TG_ID088_WG_T2_S368,TG_ID088_WG_T1_S307,0.12489511739858,ID088,WG,wk01,This study,ID088,It looks unchanged,White sugar-dried fig and fresh lemon,ID088,WG,wk05,This study,ID088,It is bubbeling,White sugar-dried fig and fresh lemon,wk01 - wk05
TG_ID089_WG_T2_S380,TG_ID089_WG_T1_S319,0.766989542925245,ID089,WG,wk01,This study,ID089,It is bubbeling,White sugar-dried apricot,ID089,WG,wk05,This study,ID089,There is a biofilm on top of the liquid,White sugar-dried apricot,wk01 - wk05
TG_ID090_WG_T2_S297,TG_ID090_WG_T1_S331,0.94864398403804,ID090,WG,wk01,This study,ID090,It looks unchanged,White sugar-dried apricot,ID090,WG,wk05,This study,ID090,It is bubbeling,White sugar-dried apricot,wk01 - wk05
TG_ID092_WG_T2_S160,TG_ID092_WG_T1_S343,0.713731429694855,ID092,WG,wk01,This study,ID092,NA,White sugar-dried apricot,ID092,WG,wk05,This study,ID092,NA,White sugar-dried apricot,wk01 - wk05
TG_ID093_WG_T2_S164,TG_ID093_WG_T1_S163,0.108790447945759,ID093,WG,wk01,This study,ID093,It looks unchanged,White sugar-dried fig,ID093,WG,wk05,This study,ID093,There is a biofilm on top of the liquid,White sugar-dried fig,wk01 - wk05
TG_ID097_WG_T2_S184,TG_ID097_WG_T1_S129,0.242473173920291,ID097,WG,wk01,This study,ID097,There is a biofilm on top of the liquid,White sugar-dried fig,ID097,WG,wk05,This study,ID097,There is a biofilm on top of the liquid,White sugar-dried fig,wk01 - wk05
TG_ID103_WG_T2_S134,TG_ID103_WG_T1_S67,0.144990906117298,ID103,WG,wk01,This study,ID103,It looks unchanged,White sugar-dried fig,ID103,WG,wk05,This study,ID103,There is a biofilm on top of the liquid,White sugar-dried fig,wk01 - wk05
TG_ID107_WG_T2_S136,TG_ID107_WG_T1_S135,0.191362901338772,ID107,WG,wk01,This study,ID107,It looks unchanged,White sugar-dried apricot,ID107,WG,wk05,This study,ID107,There is a biofilm on top of the liquid,White sugar-dried apricot,wk01 - wk05
TG_ID110_WG_T2_S167,TG_ID110_WG_T1_S166,0.693183382807954,ID110,WG,wk01,This study,ID110,There is a biofilm on top of the liquid,White sugar-dried fig,ID110,WG,wk05,This study,ID110,It is bubbeling,White sugar-dried fig,wk01 - wk05
TG_ID009_ML_T2_S296,TG_ID009_ML_T1_S139,0.806028734630005,ID009,ML,wk01,This study,ID009,NA,Cow milk (whole),ID009,ML,wk05,This study,ID009,Looks unchanged,Cow milk (whole),wk01 - wk05
TG_ID012_ML_T2_S308,TG_ID012_ML_T1_S367,0.897436059098087,ID012,ML,wk01,This study,ID012,The milk has separated (whey & curds),Cow milk (whole),ID012,ML,wk05,This study,ID012,The milk has thickened,Cow milk (whole),wk01 - wk05
TG_ID020_ML_T2_S300,TG_ID020_ML_T1_S142,0.925835955469421,ID020,ML,wk01,This study,ID020,The milk has separated (whey & curds),Cow milk (low fat),ID020,ML,wk05,This study,ID020,The milk has separated (whey & curds),Cow milk (low fat),wk01 - wk05
TG_ID029_ML_T2_S16,TG_ID029_ML_T1_S145,0.851906276523658,ID029,ML,wk01,This study,ID029,Looks unchanged,Goat,ID029,ML,wk05,This study,ID029,The milk has thickened,Goat,wk01 - wk05
TG_ID029_ML_T2_S79,TG_ID029_ML_T1_S145,0.85331871421729,ID029,ML,wk01,This study,ID029,Looks unchanged,Goat,ID029,ML,wk05,This study,ID029,The milk has thickened,Goat,wk01 - wk05
TG_ID042_ML_T2_S312,TG_ID042_ML_T1_S114,0.962212332783336,ID042,ML,wk01,This study,ID042,Looks unchanged,Cow milk (skim),ID042,ML,wk05,This study,ID042,Looks unchanged,Cow milk (skim),wk01 - wk05
TG_ID043_ML_T2_S186,TG_ID043_ML_T1_S162,0.708559200415731,ID043,ML,wk01,This study,ID043,The milk has separated (whey & curds),Cow milk (whole),ID043,ML,wk05,This study,ID043,Looks unchanged,Cow milk (whole),wk01 - wk05
TG_ID050_ML_T2_S144,TG_ID050_ML_T1_S132,0.779768443167597,ID050,ML,wk01,This study,ID050,Looks unchanged,Cow milk (skim),ID050,ML,wk05,This study,ID050,NA,Cow milk (skim),wk01 - wk05
TG_ID053_ML_T2_S348,TG_ID053_ML_T1_S336,0.878216071720393,ID053,ML,wk01,This study,ID053,NA,Goat,ID053,ML,wk05,This study,ID053,Looks unchanged,Goat,wk01 - wk05
TG_ID115_ML_T2_S123,TG_ID115_ML_T1_S122,0.0964557558157017,ID115,ML,wk01,This study,ID115,Looks unchanged,Cow milk (low fat),ID115,ML,wk05,This study,ID115,The milk has thickened,Cow milk (low fat),wk01 - wk05
TG_ID124_ML_T2_S159,TG_ID124_ML_T1_S8,0.958960326454343,ID124,ML,wk01,This study,ID124,Looks unchanged,Cow milk (low fat),ID124,ML,wk05,This study,ID124,Looks unchanged,Cow milk (low fat),wk01 - wk05
TG_ID009_MG_T2_S382,TG_ID009_MG_T1_S325,0.0762914575880682,ID009,MG,wk01,This study,ID009,NA,Cow milk (whole),ID009,MG,wk05,This study,ID009,Looks unchanged,Cow milk (whole),wk01 - wk05
TG_ID010_MG_T2_S299,TG_ID010_MG_T1_S337,0.0989445305024649,ID010,MG,wk01,This study,ID010,Looks unchanged,Cow milk (low fat),ID010,MG,wk05,This study,ID010,Looks unchanged,Cow milk (low fat),wk01 - wk05
TG_ID012_MG_T2_S311,TG_ID012_MG_T1_S361,0.0979967944564533,ID012,MG,wk01,This study,ID012,The milk has separated (whey & curds),Cow milk (whole),ID012,MG,wk05,This study,ID012,The milk has thickened,Cow milk (whole),wk01 - wk05
TG_ID014_MG_T2_S6,TG_ID014_MG_T1_S1,0.0964911726153359,ID014,MG,wk01,This study,ID014,NA,Cow milk (skim),ID014,MG,wk05,This study,ID014,NA,Cow milk (skim),wk01 - wk05
TG_ID020_MG_T2_S323,TG_ID020_MG_T1_S106,0.336127282227756,ID020,MG,wk01,This study,ID020,The milk has separated (whey & curds),Cow milk (low fat),ID020,MG,wk05,This study,ID020,The milk has separated (whey & curds),Cow milk (low fat),wk01 - wk05
TG_ID037_MG_T2_S161,TG_ID037_MG_T1_S56,0.171453740440795,ID037,MG,wk01,This study,ID037,NA,Goat,ID037,MG,wk05,This study,ID037,The milk has thickened,Goat,wk01 - wk05
TG_ID042_MG_T2_S126,TG_ID042_MG_T1_S102,0.537558269239856,ID042,MG,wk01,This study,ID042,Looks unchanged,Cow milk (skim),ID042,MG,wk05,This study,ID042,Looks unchanged,Cow milk (skim),wk01 - wk05
TG_ID043_MG_T2_S174,TG_ID043_MG_T1_S150,0.144031952514563,ID043,MG,wk01,This study,ID043,The milk has separated (whey & curds),Cow milk (whole),ID043,MG,wk05,This study,ID043,Looks unchanged,Cow milk (whole),wk01 - wk05
TG_ID050_MG_T2_S192,TG_ID050_MG_T1_S180,0.0661160816375164,ID050,MG,wk01,This study,ID050,Looks unchanged,Cow milk (skim),ID050,MG,wk05,This study,ID050,NA,Cow milk (skim),wk01 - wk05
TG_ID052_MG_T2_S314,TG_ID052_MG_T1_S290,0.49435933676289,ID052,MG,wk01,This study,ID052,Looks unchanged,Goat,ID052,MG,wk05,This study,ID052,NA,Goat,wk01 - wk05
TG_ID053_MG_T2_S371,TG_ID053_MG_T1_S359,0.765978810457445,ID053,MG,wk01,This study,ID053,NA,Goat,ID053,MG,wk05,This study,ID053,Looks unchanged,Goat,wk01 - wk05
TG_ID115_MG_T2_S94,TG_ID115_MG_T1_S93,0.333291770105923,ID115,MG,wk01,This study,ID115,Looks unchanged,Cow milk (low fat),ID115,MG,wk05,This study,ID115,The milk has thickened,Cow milk (low fat),wk01 - wk05
TG_ID056_WL_T3_S71,TG_ID056_WL_T2_S47,0.904918585940832,ID056,WL,wk05,This study,ID056,It looks unchanged,Brown sugar-None,ID056,WL,wk09,This study,ID056,It looks unchanged,Brown sugar-None,wk05 - wk09
TG_ID060_WL_T3_S109,TG_ID060_WL_T2_S187,0.850341670136204,ID060,WL,wk05,This study,ID060,NA,Brown sugar-None,ID060,WL,wk09,This study,ID060,It looks unchanged,Brown sugar-None,wk05 - wk09
TG_ID061_WL_T3_S116,TG_ID061_WL_T2_S309,0.206338402924296,ID061,WL,wk05,This study,ID061,It is bubbeling,White sugar-dried apricot,ID061,WL,wk09,This study,ID061,It is bubbeling,White sugar-dried apricot,wk05 - wk09
TG_ID062_WL_T3_S98,TG_ID062_WL_T2_S321,0.36410878828493,ID062,WL,wk05,This study,ID062,NA,Brown sugar-None,ID062,WL,wk09,This study,ID062,It looks unchanged,Brown sugar-None,wk05 - wk09
TG_ID070_WL_T3_S333,TG_ID070_WL_T2_S20,0.415939038951636,ID070,WL,wk05,This study,ID070,NA,Brown sugar-None,ID070,WL,wk09,This study,ID070,It looks unchanged,Brown sugar-None,wk05 - wk09
TG_ID082_WL_T3_S400,TG_ID082_WL_T2_S345,0.555187189409537,ID082,WL,wk05,This study,ID082,It looks unchanged,White sugar-dried apricot,ID082,WL,wk09,This study,ID082,It looks unchanged,White sugar-dried apricot,wk05 - wk09
TG_ID084_WL_T3_S158,TG_ID084_WL_T2_S369,0.904490494949395,ID084,WL,wk05,This study,ID084,It looks unchanged,White sugar-dried apricot,ID084,WL,wk09,This study,ID084,It looks unchanged,White sugar-dried apricot,wk05 - wk09
TG_ID085_WL_T3_S111,TG_ID085_WL_T2_S298,0.274036758861896,ID085,WL,wk05,This study,ID085,It is bubbeling,White sugar-dried fig and fresh lemon,ID085,WL,wk09,This study,ID085,It is bubbeling,White sugar-dried fig and fresh lemon,wk05 - wk09
TG_ID086_WL_T3_S147,TG_ID086_WL_T2_S310,0.692076398542365,ID086,WL,wk05,This study,ID086,It looks unchanged,Brown sugar-None,ID086,WL,wk09,This study,ID086,It looks unchanged,Brown sugar-None,wk05 - wk09
TG_ID087_WL_T3_S171,TG_ID087_WL_T2_S322,0.297061895792179,ID087,WL,wk05,This study,ID087,There is a biofilm on top of the liquid,White sugar-dried fig and fresh lemon,ID087,WL,wk09,This study,ID087,There is a biofilm on top of the liquid,White sugar-dried fig and fresh lemon,wk05 - wk09
TG_ID088_WL_T3_S100,TG_ID088_WL_T2_S346,0.372446406266094,ID088,WL,wk05,This study,ID088,It is bubbeling,White sugar-dried fig and fresh lemon,ID088,WL,wk09,This study,ID088,It is bubbeling,White sugar-dried fig and fresh lemon,wk05 - wk09
TG_ID089_WL_T3_S124,TG_ID089_WL_T2_S358,0.0988541032520555,ID089,WL,wk05,This study,ID089,There is a biofilm on top of the liquid,White sugar-dried apricot,ID089,WL,wk09,This study,ID089,It is bubbeling,White sugar-dried apricot,wk05 - wk09
TG_ID090_WL_T3_S148,TG_ID090_WL_T2_S370,0.593351872677986,ID090,WL,wk05,This study,ID090,It is bubbeling,White sugar-dried apricot,ID090,WL,wk09,This study,ID090,It looks unchanged,White sugar-dried apricot,wk05 - wk09
TG_ID092_WL_T3_S70,TG_ID092_WL_T2_S172,0.0893082080475606,ID092,WL,wk05,This study,ID092,NA,White sugar-dried apricot,ID092,WL,wk09,This study,ID092,It looks unchanged,White sugar-dried apricot,wk05 - wk09
TG_ID093_WL_T3_S66,TG_ID093_WL_T2_S5,0.449304833512009,ID093,WL,wk05,This study,ID093,There is a biofilm on top of the liquid,White sugar-dried fig,ID093,WL,wk09,This study,ID093,It is bubbeling,White sugar-dried fig,wk05 - wk09
TG_ID097_WL_T3_S177,TG_ID097_WL_T2_S153,0.264350320562336,ID097,WL,wk05,This study,ID097,There is a biofilm on top of the liquid,White sugar-dried fig,ID097,WL,wk09,This study,ID097,There is a biofilm on top of the liquid,White sugar-dried fig,wk05 - wk09
TG_ID103_WL_T3_S70,TG_ID103_WL_T2_S85,0.29661474797095,ID103,WL,wk05,This study,ID103,There is a biofilm on top of the liquid,White sugar-dried fig,ID103,WL,wk09,This study,ID103,It is bubbeling,White sugar-dried fig,wk05 - wk09
TG_ID107_WL_T3_S88,TG_ID107_WL_T2_S87,0.449007233255336,ID107,WL,wk05,This study,ID107,There is a biofilm on top of the liquid,White sugar-dried apricot,ID107,WL,wk09,This study,ID107,It looks unchanged,White sugar-dried apricot,wk05 - wk09
TG_ID110_WL_T3_S26,TG_ID110_WL_T2_S177,0.691073372680399,ID110,WL,wk05,This study,ID110,It is bubbeling,White sugar-dried fig,ID110,WL,wk09,This study,ID110,There is a biofilm on top of the liquid,White sugar-dried fig,wk05 - wk09
TG_ID056_WG_T3_S59,TG_ID056_WG_T2_S35,0.316875912853002,ID056,WG,wk05,This study,ID056,It looks unchanged,Brown sugar-None,ID056,WG,wk09,This study,ID056,It looks unchanged,Brown sugar-None,wk05 - wk09
TG_ID060_WG_T3_S97,TG_ID060_WG_T2_S175,0.592621909785773,ID060,WG,wk05,This study,ID060,NA,Brown sugar-None,ID060,WG,wk09,This study,ID060,It looks unchanged,Brown sugar-None,wk05 - wk09
TG_ID061_WG_T3_S104,TG_ID061_WG_T2_S355,0.183144486358649,ID061,WG,wk05,This study,ID061,It is bubbeling,White sugar-dried apricot,ID061,WG,wk09,This study,ID061,It is bubbeling,White sugar-dried apricot,wk05 - wk09
TG_ID062_WG_T3_S181,TG_ID062_WG_T2_S320,0.352587336160912,ID062,WG,wk05,This study,ID062,NA,Brown sugar-None,ID062,WG,wk09,This study,ID062,It looks unchanged,Brown sugar-None,wk05 - wk09
TG_ID082_WG_T3_S129,TG_ID082_WG_T2_S344,0.302572237658233,ID082,WG,wk05,This study,ID082,It looks unchanged,White sugar-dried apricot,ID082,WG,wk09,This study,ID082,It looks unchanged,White sugar-dried apricot,wk05 - wk09
TG_ID083_WG_T3_S170,TG_ID083_WG_T2_S357,0.112270917072302,ID083,WG,wk05,This study,ID083,It looks unchanged,White sugar-dried fig and fresh lemon,ID083,WG,wk09,This study,ID083,It is bubbeling,White sugar-dried fig and fresh lemon,wk05 - wk09
TG_ID084_WG_T3_S146,TG_ID084_WG_T2_S381,0.0680516350110552,ID084,WG,wk05,This study,ID084,It looks unchanged,White sugar-dried apricot,ID084,WG,wk09,This study,ID084,It looks unchanged,White sugar-dried apricot,wk05 - wk09
TG_ID085_WG_T3_S99,TG_ID085_WG_T2_S123,0.57443342607386,ID085,WG,wk05,This study,ID085,It is bubbeling,White sugar-dried fig and fresh lemon,ID085,WG,wk09,This study,ID085,It is bubbeling,White sugar-dried fig and fresh lemon,wk05 - wk09
TG_ID086_WG_T3_S135,TG_ID086_WG_T2_S356,0.420697108223352,ID086,WG,wk05,This study,ID086,It looks unchanged,Brown sugar-None,ID086,WG,wk09,This study,ID086,It looks unchanged,Brown sugar-None,wk05 - wk09
TG_ID087_WG_T3_S159,TG_ID087_WG_T2_S334,0.0591520576564542,ID087,WG,wk05,This study,ID087,There is a biofilm on top of the liquid,White sugar-dried fig and fresh lemon,ID087,WG,wk09,This study,ID087,There is a biofilm on top of the liquid,White sugar-dried fig and fresh lemon,wk05 - wk09
TG_ID088_WG_T3_S183,TG_ID088_WG_T2_S368,0.275374865156083,ID088,WG,wk05,This study,ID088,It is bubbeling,White sugar-dried fig and fresh lemon,ID088,WG,wk09,This study,ID088,It is bubbeling,White sugar-dried fig and fresh lemon,wk05 - wk09
TG_ID089_WG_T3_S112,TG_ID089_WG_T2_S380,0.11388608485588,ID089,WG,wk05,This study,ID089,There is a biofilm on top of the liquid,White sugar-dried apricot,ID089,WG,wk09,This study,ID089,It is bubbeling,White sugar-dried apricot,wk05 - wk09
TG_ID090_WG_T3_S136,TG_ID090_WG_T2_S297,0.099830056861757,ID090,WG,wk05,This study,ID090,It is bubbeling,White sugar-dried apricot,ID090,WG,wk09,This study,ID090,It looks unchanged,White sugar-dried apricot,wk05 - wk09
TG_ID092_WG_T3_S58,TG_ID092_WG_T2_S160,0.245255768888677,ID092,WG,wk05,This study,ID092,NA,White sugar-dried apricot,ID092,WG,wk09,This study,ID092,It looks unchanged,White sugar-dried apricot,wk05 - wk09
TG_ID093_WG_T3_S65,TG_ID093_WG_T2_S164,0.103655604207834,ID093,WG,wk05,This study,ID093,There is a biofilm on top of the liquid,White sugar-dried fig,ID093,WG,wk09,This study,ID093,It is bubbeling,White sugar-dried fig,wk05 - wk09
TG_ID097_WG_T3_S165,TG_ID097_WG_T2_S184,0.0703562220237699,ID097,WG,wk05,This study,ID097,There is a biofilm on top of the liquid,White sugar-dried fig,ID097,WG,wk09,This study,ID097,There is a biofilm on top of the liquid,White sugar-dried fig,wk05 - wk09
TG_ID103_WG_T3_S69,TG_ID103_WG_T2_S134,0.0712473281871254,ID103,WG,wk05,This study,ID103,There is a biofilm on top of the liquid,White sugar-dried fig,ID103,WG,wk09,This study,ID103,It is bubbeling,White sugar-dried fig,wk05 - wk09
TG_ID107_WG_T3_S137,TG_ID107_WG_T2_S136,0.168846028462263,ID107,WG,wk05,This study,ID107,There is a biofilm on top of the liquid,White sugar-dried apricot,ID107,WG,wk09,This study,ID107,It looks unchanged,White sugar-dried apricot,wk05 - wk09
TG_ID110_WG_T3_S20,TG_ID110_WG_T2_S167,0.718926013522678,ID110,WG,wk05,This study,ID110,It is bubbeling,White sugar-dried fig,ID110,WG,wk09,This study,ID110,There is a biofilm on top of the liquid,White sugar-dried fig,wk05 - wk09
TG_ID014_ML_T3_S81,TG_ID014_ML_T2_S4,0.731392873931376,ID014,ML,wk05,This study,ID014,Looks unchanged,Cow milk (skim),ID014,ML,wk09,This study,ID014,Looks unchanged,Cow milk (skim),wk05 - wk09
TG_ID020_ML_T3_S143,TG_ID020_ML_T2_S300,0.912816948120464,ID020,ML,wk05,This study,ID020,The milk has separated (whey & curds),Cow milk (low fat),ID020,ML,wk09,This study,ID020,NA,Cow milk (low fat),wk05 - wk09
TG_ID032_ML_T3_S152,TG_ID032_ML_T2_S324,0.346015771386694,ID032,ML,wk05,This study,ID032,NA,Cow milk (low fat),ID032,ML,wk09,This study,ID032,NA,Cow milk (low fat),wk05 - wk09
TG_ID037_ML_T3_S185,TG_ID037_ML_T2_S173,0.780641675674955,ID037,ML,wk05,This study,ID037,NA,Goat,ID037,ML,wk09,This study,ID037,The milk has thickened,Goat,wk05 - wk09
TG_ID042_ML_T3_S138,TG_ID042_ML_T2_S312,0.974195888784049,ID042,ML,wk05,This study,ID042,Looks unchanged,Cow milk (skim),ID042,ML,wk09,This study,ID042,Looks unchanged,Cow milk (skim),wk05 - wk09
TG_ID043_ML_T3_S175,TG_ID043_ML_T2_S186,0.383864155744535,ID043,ML,wk05,This study,ID043,Looks unchanged,Cow milk (whole),ID043,ML,wk09,This study,ID043,NA,Cow milk (whole),wk05 - wk09
TG_ID048_ML_T3_S5,TG_ID048_ML_T2_S148,0.971732453590393,ID048,ML,wk05,This study,ID048,The milk has separated (whey & curds),Goat,ID048,ML,wk09,This study,ID048,The milk has separated (whey & curds),Goat,wk05 - wk09
TG_ID050_ML_T3_S156,TG_ID050_ML_T2_S144,0.617010185242488,ID050,ML,wk05,This study,ID050,NA,Cow milk (skim),ID050,ML,wk09,This study,ID050,NA,Cow milk (skim),wk05 - wk09
TG_ID053_ML_T3_S113,TG_ID053_ML_T2_S348,0.363963956226608,ID053,ML,wk05,This study,ID053,Looks unchanged,Goat,ID053,ML,wk09,This study,ID053,Looks unchanged,Goat,wk05 - wk09
TG_ID054_ML_T3_S360,TG_ID054_ML_T2_S163,0.451001200242651,ID054,ML,wk05,This study,ID054,The milk has separated (whey & curds),Cow milk (whole),ID054,ML,wk09,This study,ID054,The milk has separated (whey & curds),Cow milk (whole),wk05 - wk09
TG_ID115_ML_T3_S124,TG_ID115_ML_T2_S123,0.071938445709824,ID115,ML,wk05,This study,ID115,The milk has thickened,Cow milk (low fat),ID115,ML,wk09,This study,ID115,Looks unchanged,Cow milk (low fat),wk05 - wk09
TG_ID124_ML_T3_S160,TG_ID124_ML_T2_S159,0.316322177457251,ID124,ML,wk05,This study,ID124,Looks unchanged,Cow milk (low fat),ID124,ML,wk09,This study,ID124,NA,Cow milk (low fat),wk05 - wk09
TG_ID009_MG_T3_S152,TG_ID009_MG_T2_S382,0.122500118400629,ID009,MG,wk05,This study,ID009,Looks unchanged,Cow milk (whole),ID009,MG,wk09,This study,ID009,The milk has thickened,Cow milk (whole),wk05 - wk09
TG_ID010_MG_T3_S164,TG_ID010_MG_T2_S299,0.230239923141392,ID010,MG,wk05,This study,ID010,Looks unchanged,Cow milk (low fat),ID010,MG,wk09,This study,ID010,Looks unchanged,Cow milk (low fat),wk05 - wk09
TG_ID012_MG_T3_S189,TG_ID012_MG_T2_S311,0.999999629316196,ID012,MG,wk05,This study,ID012,The milk has thickened,Cow milk (whole),ID012,MG,wk09,This study,ID012,The milk has thickened,Cow milk (whole),wk05 - wk09
TG_ID014_MG_T3_S62,TG_ID014_MG_T2_S6,0.034454074913892,ID014,MG,wk05,This study,ID014,NA,Cow milk (skim),ID014,MG,wk09,This study,ID014,Looks unchanged,Cow milk (skim),wk05 - wk09
TG_ID020_MG_T3_S118,TG_ID020_MG_T2_S323,0.0342125477498168,ID020,MG,wk05,This study,ID020,The milk has separated (whey & curds),Cow milk (low fat),ID020,MG,wk09,This study,ID020,NA,Cow milk (low fat),wk05 - wk09
TG_ID026_MG_T3_S130,TG_ID026_MG_T2_S3,0.580926057579962,ID026,MG,wk05,This study,ID026,Looks unchanged,Cow milk (low fat),ID026,MG,wk09,This study,ID026,NA,Cow milk (low fat),wk05 - wk09
TG_ID029_MG_T3_S142,TG_ID029_MG_T2_S15,0.255732388161537,ID029,MG,wk05,This study,ID029,The milk has thickened,Goat,ID029,MG,wk09,This study,ID029,Looks unchanged,Goat,wk05 - wk09
TG_ID029_MG_T3_S142,TG_ID029_MG_T2_S67,0.252600936954352,ID029,MG,wk05,This study,ID029,The milk has thickened,Goat,ID029,MG,wk09,This study,ID029,Looks unchanged,Goat,wk05 - wk09
TG_ID029_MG_T3_S77,TG_ID029_MG_T2_S15,0.225672419494077,ID029,MG,wk05,This study,ID029,The milk has thickened,Goat,ID029,MG,wk09,This study,ID029,Looks unchanged,Goat,wk05 - wk09
TG_ID029_MG_T3_S77,TG_ID029_MG_T2_S67,0.223074821851699,ID029,MG,wk05,This study,ID029,The milk has thickened,Goat,ID029,MG,wk09,This study,ID029,Looks unchanged,Goat,wk05 - wk09
TG_ID032_MG_T3_S166,TG_ID032_MG_T2_S335,0.358461484670931,ID032,MG,wk05,This study,ID032,NA,Cow milk (low fat),ID032,MG,wk09,This study,ID032,NA,Cow milk (low fat),wk05 - wk09
TG_ID042_MG_T3_S347,TG_ID042_MG_T2_S126,0.30265661138536,ID042,MG,wk05,This study,ID042,Looks unchanged,Cow milk (skim),ID042,MG,wk09,This study,ID042,Looks unchanged,Cow milk (skim),wk05 - wk09
TG_ID043_MG_T3_S169,TG_ID043_MG_T2_S174,0.0661242183458111,ID043,MG,wk05,This study,ID043,Looks unchanged,Cow milk (whole),ID043,MG,wk09,This study,ID043,NA,Cow milk (whole),wk05 - wk09
TG_ID049_MG_T3_S103,TG_ID049_MG_T2_S302,0.143811207308945,ID049,MG,wk05,This study,ID049,Looks unchanged,Cow milk (skim),ID049,MG,wk09,This study,ID049,Looks unchanged,Cow milk (skim),wk05 - wk09
TG_ID050_MG_T3_S385,TG_ID050_MG_T2_S192,0.102302912397232,ID050,MG,wk05,This study,ID050,NA,Cow milk (skim),ID050,MG,wk09,This study,ID050,NA,Cow milk (skim),wk05 - wk09
TG_ID052_MG_T3_S64,TG_ID052_MG_T2_S314,0.509432136412828,ID052,MG,wk05,This study,ID052,NA,Goat,ID052,MG,wk09,This study,ID052,The milk has thickened,Goat,wk05 - wk09
TG_ID053_MG_T3_S89,TG_ID053_MG_T2_S371,0.219520923718634,ID053,MG,wk05,This study,ID053,Looks unchanged,Goat,ID053,MG,wk09,This study,ID053,Looks unchanged,Goat,wk05 - wk09
TG_ID054_MG_T3_S383,TG_ID054_MG_T2_S151,0.453683901537515,ID054,MG,wk05,This study,ID054,The milk has separated (whey & curds),Cow milk (whole),ID054,MG,wk09,This study,ID054,The milk has separated (whey & curds),Cow milk (whole),wk05 - wk09
TG_ID115_MG_T3_S95,TG_ID115_MG_T2_S94,0.237010310731611,ID115,MG,wk05,This study,ID115,The milk has thickened,Cow milk (low fat),ID115,MG,wk09,This study,ID115,Looks unchanged,Cow milk (low fat),wk05 - wk09
TG_ID056_WL_T4_S34,TG_ID056_WL_T3_S71,0.874651836801872,ID056,WL,wk09,This study,ID056,It looks unchanged,Brown sugar-None,ID056,WL,wk13,This study,ID056,It looks unchanged,Brown sugar-None,wk09 - wk13
TG_ID058_WL_T4_S36,TG_ID058_WL_T3_S48,0.197574197392772,ID058,WL,wk09,This study,ID058,There is a biofilm on top of the liquid,White sugar-dried fig,ID058,WL,wk13,This study,ID058,It looks unchanged,White sugar-dried fig,wk09 - wk13
TG_ID061_WL_T4_S38,TG_ID061_WL_T3_S116,0.130919651307415,ID061,WL,wk09,This study,ID061,It is bubbeling,White sugar-dried apricot,ID061,WL,wk13,This study,ID061,It is bubbeling,White sugar-dried apricot,wk09 - wk13
TG_ID070_WL_T4_S64,TG_ID070_WL_T3_S333,0.318302485453197,ID070,WL,wk09,This study,ID070,It looks unchanged,Brown sugar-None,ID070,WL,wk13,This study,ID070,It looks unchanged,Brown sugar-None,wk09 - wk13
TG_ID082_WL_T4_S84,TG_ID082_WL_T3_S400,0.742167446190016,ID082,WL,wk09,This study,ID082,It looks unchanged,White sugar-dried apricot,ID082,WL,wk13,This study,ID082,There is a biofilm on top of the liquid,White sugar-dried apricot,wk09 - wk13
TG_ID083_WL_T4_S40,TG_ID083_WL_T3_S182,0.367851989608505,ID083,WL,wk09,This study,ID083,It is bubbeling,White sugar-dried fig and fresh lemon,ID083,WL,wk13,This study,ID083,It looks unchanged,White sugar-dried fig and fresh lemon,wk09 - wk13
TG_ID084_WL_T4_S149,TG_ID084_WL_T3_S158,0.9059226444832,ID084,WL,wk09,This study,ID084,It looks unchanged,White sugar-dried apricot,ID084,WL,wk13,This study,ID084,It looks unchanged,White sugar-dried apricot,wk09 - wk13
TG_ID085_WL_T4_S42,TG_ID085_WL_T3_S111,0.357212127428353,ID085,WL,wk09,This study,ID085,It is bubbeling,White sugar-dried fig and fresh lemon,ID085,WL,wk13,This study,ID085,It is bubbeling,White sugar-dried fig and fresh lemon,wk09 - wk13
TG_ID086_WL_T4_S44,TG_ID086_WL_T3_S147,0.723886585690054,ID086,WL,wk09,This study,ID086,It looks unchanged,Brown sugar-None,ID086,WL,wk13,This study,ID086,It looks unchanged,Brown sugar-None,wk09 - wk13
TG_ID087_WL_T4_S46,TG_ID087_WL_T3_S171,0.731527444794577,ID087,WL,wk09,This study,ID087,There is a biofilm on top of the liquid,White sugar-dried fig and fresh lemon,ID087,WL,wk13,This study,ID087,There is a biofilm on top of the liquid,White sugar-dried fig and fresh lemon,wk09 - wk13
TG_ID088_WL_T4_S48,TG_ID088_WL_T3_S100,0.905721317652143,ID088,WL,wk09,This study,ID088,It is bubbeling,White sugar-dried fig and fresh lemon,ID088,WL,wk13,This study,ID088,It is bubbeling,White sugar-dried fig and fresh lemon,wk09 - wk13
TG_ID089_WL_T4_S50,TG_ID089_WL_T3_S124,0.0908411455812764,ID089,WL,wk09,This study,ID089,It is bubbeling,White sugar-dried apricot,ID089,WL,wk13,This study,ID089,There is a biofilm on top of the liquid,White sugar-dried apricot,wk09 - wk13
TG_ID092_WL_T4_S23,TG_ID092_WL_T3_S70,0.897921607311183,ID092,WL,wk09,This study,ID092,It looks unchanged,White sugar-dried apricot,ID092,WL,wk13,This study,ID092,NA,White sugar-dried apricot,wk09 - wk13
TG_ID097_WL_T4_S32,TG_ID097_WL_T3_S177,0.364923426546538,ID097,WL,wk09,This study,ID097,There is a biofilm on top of the liquid,White sugar-dried fig,ID097,WL,wk13,This study,ID097,NA,White sugar-dried fig,wk09 - wk13
TG_ID103_WL_T4_S158,TG_ID103_WL_T3_S70,0.828368138286627,ID103,WL,wk09,This study,ID103,It is bubbeling,White sugar-dried fig,ID103,WL,wk13,This study,ID103,It is bubbeling,White sugar-dried fig,wk09 - wk13
TG_ID107_WL_T4_S110,TG_ID107_WL_T3_S88,0.422451456546542,ID107,WL,wk09,This study,ID107,It looks unchanged,White sugar-dried apricot,ID107,WL,wk13,This study,ID107,NA,White sugar-dried apricot,wk09 - wk13
TG_ID110_WL_T4_S27,TG_ID110_WL_T3_S26,0.401434680460162,ID110,WL,wk09,This study,ID110,There is a biofilm on top of the liquid,White sugar-dried fig,ID110,WL,wk13,This study,ID110,There is a biofilm on top of the liquid,White sugar-dried fig,wk09 - wk13
TG_ID056_WG_T4_S33,TG_ID056_WG_T3_S59,0.12632683837006,ID056,WG,wk09,This study,ID056,It looks unchanged,Brown sugar-None,ID056,WG,wk13,This study,ID056,It looks unchanged,Brown sugar-None,wk09 - wk13
TG_ID058_WG_T4_S35,TG_ID058_WG_T3_S36,0.0399278668781126,ID058,WG,wk09,This study,ID058,There is a biofilm on top of the liquid,White sugar-dried fig,ID058,WG,wk13,This study,ID058,It looks unchanged,White sugar-dried fig,wk09 - wk13
TG_ID061_WG_T4_S37,TG_ID061_WG_T3_S104,0.113049878816789,ID061,WG,wk09,This study,ID061,It is bubbeling,White sugar-dried apricot,ID061,WG,wk13,This study,ID061,It is bubbeling,White sugar-dried apricot,wk09 - wk13
TG_ID082_WG_T4_S130,TG_ID082_WG_T3_S129,0.209736934502982,ID082,WG,wk09,This study,ID082,It looks unchanged,White sugar-dried apricot,ID082,WG,wk13,This study,ID082,There is a biofilm on top of the liquid,White sugar-dried apricot,wk09 - wk13
TG_ID083_WG_T4_S39,TG_ID083_WG_T3_S170,0.461391136337187,ID083,WG,wk09,This study,ID083,It is bubbeling,White sugar-dried fig and fresh lemon,ID083,WG,wk13,This study,ID083,It looks unchanged,White sugar-dried fig and fresh lemon,wk09 - wk13
TG_ID084_WG_T4_S132,TG_ID084_WG_T3_S146,0.948969461262162,ID084,WG,wk09,This study,ID084,It looks unchanged,White sugar-dried apricot,ID084,WG,wk13,This study,ID084,It looks unchanged,White sugar-dried apricot,wk09 - wk13
TG_ID085_WG_T4_S41,TG_ID085_WG_T3_S99,0.187995609311539,ID085,WG,wk09,This study,ID085,It is bubbeling,White sugar-dried fig and fresh lemon,ID085,WG,wk13,This study,ID085,It is bubbeling,White sugar-dried fig and fresh lemon,wk09 - wk13
TG_ID086_WG_T4_S43,TG_ID086_WG_T3_S135,0.286049295946763,ID086,WG,wk09,This study,ID086,It looks unchanged,Brown sugar-None,ID086,WG,wk13,This study,ID086,It looks unchanged,Brown sugar-None,wk09 - wk13
TG_ID087_WG_T4_S45,TG_ID087_WG_T3_S159,0.103494989655932,ID087,WG,wk09,This study,ID087,There is a biofilm on top of the liquid,White sugar-dried fig and fresh lemon,ID087,WG,wk13,This study,ID087,There is a biofilm on top of the liquid,White sugar-dried fig and fresh lemon,wk09 - wk13
TG_ID088_WG_T4_S47,TG_ID088_WG_T3_S183,0.44477141447449,ID088,WG,wk09,This study,ID088,It is bubbeling,White sugar-dried fig and fresh lemon,ID088,WG,wk13,This study,ID088,It is bubbeling,White sugar-dried fig and fresh lemon,wk09 - wk13
TG_ID089_WG_T4_S49,TG_ID089_WG_T3_S112,0.0373749187845486,ID089,WG,wk09,This study,ID089,It is bubbeling,White sugar-dried apricot,ID089,WG,wk13,This study,ID089,There is a biofilm on top of the liquid,White sugar-dried apricot,wk09 - wk13
TG_ID090_WG_T4_S51,TG_ID090_WG_T3_S136,0.0699056788022521,ID090,WG,wk09,This study,ID090,It looks unchanged,White sugar-dried apricot,ID090,WG,wk13,This study,ID090,It is bubbeling,White sugar-dried apricot,wk09 - wk13
TG_ID092_WG_T4_S17,TG_ID092_WG_T3_S58,0.911385463274853,ID092,WG,wk09,This study,ID092,It looks unchanged,White sugar-dried apricot,ID092,WG,wk13,This study,ID092,NA,White sugar-dried apricot,wk09 - wk13
TG_ID097_WG_T4_S31,TG_ID097_WG_T3_S165,0.120874043865235,ID097,WG,wk09,This study,ID097,There is a biofilm on top of the liquid,White sugar-dried fig,ID097,WG,wk13,This study,ID097,NA,White sugar-dried fig,wk09 - wk13
TG_ID103_WG_T4_S79,TG_ID103_WG_T3_S69,0.038225734532178,ID103,WG,wk09,This study,ID103,It is bubbeling,White sugar-dried fig,ID103,WG,wk13,This study,ID103,It is bubbeling,White sugar-dried fig,wk09 - wk13
TG_ID107_WG_T4_S106,TG_ID107_WG_T3_S137,0.726865678219366,ID107,WG,wk09,This study,ID107,It looks unchanged,White sugar-dried apricot,ID107,WG,wk13,This study,ID107,NA,White sugar-dried apricot,wk09 - wk13
TG_ID110_WG_T4_S21,TG_ID110_WG_T3_S20,0.122459869457937,ID110,WG,wk09,This study,ID110,There is a biofilm on top of the liquid,White sugar-dried fig,ID110,WG,wk13,This study,ID110,There is a biofilm on top of the liquid,White sugar-dried fig,wk09 - wk13
TG_ID113_WG_T4_S99,TG_ID113_WG_T3_S71,0.0917939059427769,ID113,WG,wk09,This study,ID113,There is a biofilm on top of the liquid,Brown sugar-None,ID113,WG,wk13,This study,ID113,NA,Brown sugar-None,wk09 - wk13
TG_ID010_ML_T4_S80,TG_ID010_ML_T3_S108,0.482282807441681,ID010,ML,wk09,This study,ID010,Looks unchanged,Cow milk (low fat),ID010,ML,wk13,This study,ID010,Looks unchanged,Cow milk (low fat),wk09 - wk13
TG_ID020_ML_T4_S144,TG_ID020_ML_T3_S143,0.562483453045596,ID020,ML,wk09,This study,ID020,NA,Cow milk (low fat),ID020,ML,wk13,This study,ID020,NA,Cow milk (low fat),wk09 - wk13
TG_ID037_ML_T4_S30,TG_ID037_ML_T3_S185,0.0378493514742983,ID037,ML,wk09,This study,ID037,The milk has thickened,Goat,ID037,ML,wk13,This study,ID037,The milk has thickened,Goat,wk09 - wk13
TG_ID042_ML_T4_S176,TG_ID042_ML_T3_S138,0.563258770407585,ID042,ML,wk09,This study,ID042,Looks unchanged,Cow milk (skim),ID042,ML,wk13,This study,ID042,The milk has separated (whey & curds),Cow milk (skim),wk09 - wk13
TG_ID048_ML_T4_S14,TG_ID048_ML_T3_S5,0.419414315617145,ID048,ML,wk09,This study,ID048,The milk has separated (whey & curds),Goat,ID048,ML,wk13,This study,ID048,NA,Goat,wk09 - wk13
TG_ID050_ML_T4_S82,TG_ID050_ML_T3_S156,0.700449800809851,ID050,ML,wk09,This study,ID050,NA,Cow milk (skim),ID050,ML,wk13,This study,ID050,The milk has separated (whey & curds),Cow milk (skim),wk09 - wk13
TG_ID052_ML_T4_S156,TG_ID052_ML_T3_S76,0.71346016231284,ID052,ML,wk09,This study,ID052,The milk has thickened,Goat,ID052,ML,wk13,This study,ID052,The milk has thickened,Goat,wk09 - wk13
TG_ID053_ML_T4_S116,TG_ID053_ML_T3_S113,0.45586067354789,ID053,ML,wk09,This study,ID053,Looks unchanged,Goat,ID053,ML,wk13,This study,ID053,Looks unchanged,Goat,wk09 - wk13
TG_ID054_ML_T4_S58,TG_ID054_ML_T3_S360,0.380067565793121,ID054,ML,wk09,This study,ID054,The milk has separated (whey & curds),Cow milk (whole),ID054,ML,wk13,This study,ID054,Looks unchanged,Cow milk (whole),wk09 - wk13
TG_ID115_ML_T4_S125,TG_ID115_ML_T3_S124,0.713920053799087,ID115,ML,wk09,This study,ID115,Looks unchanged,Cow milk (low fat),ID115,ML,wk13,This study,ID115,Looks unchanged,Cow milk (low fat),wk09 - wk13
TG_ID009_MG_T4_S54,TG_ID009_MG_T3_S152,0.100175810195656,ID009,MG,wk09,This study,ID009,The milk has thickened,Cow milk (whole),ID009,MG,wk13,This study,ID009,Looks unchanged,Cow milk (whole),wk09 - wk13
TG_ID010_MG_T4_S61,TG_ID010_MG_T3_S164,0.230691368280501,ID010,MG,wk09,This study,ID010,Looks unchanged,Cow milk (low fat),ID010,MG,wk13,This study,ID010,Looks unchanged,Cow milk (low fat),wk09 - wk13
TG_ID012_MG_T4_S74,TG_ID012_MG_T3_S189,1,ID012,MG,wk09,This study,ID012,The milk has thickened,Cow milk (whole),ID012,MG,wk13,This study,ID012,Looks unchanged,Cow milk (whole),wk09 - wk13
TG_ID020_MG_T4_S75,TG_ID020_MG_T3_S118,0.045058174766023,ID020,MG,wk09,This study,ID020,NA,Cow milk (low fat),ID020,MG,wk13,This study,ID020,NA,Cow milk (low fat),wk09 - wk13
TG_ID026_MG_T4_S76,TG_ID026_MG_T3_S130,0.520529485628185,ID026,MG,wk09,This study,ID026,NA,Cow milk (low fat),ID026,MG,wk13,This study,ID026,NA,Cow milk (low fat),wk09 - wk13
TG_ID042_MG_T4_S170,TG_ID042_MG_T3_S347,0.340804916540558,ID042,MG,wk09,This study,ID042,Looks unchanged,Cow milk (skim),ID042,MG,wk13,This study,ID042,The milk has separated (whey & curds),Cow milk (skim),wk09 - wk13
TG_ID048_MG_T4_S13,TG_ID048_MG_T3_S88,0.114269949379103,ID048,MG,wk09,This study,ID048,The milk has separated (whey & curds),Goat,ID048,MG,wk13,This study,ID048,NA,Goat,wk09 - wk13
TG_ID050_MG_T4_S83,TG_ID050_MG_T3_S385,0.125745658138484,ID050,MG,wk09,This study,ID050,NA,Cow milk (skim),ID050,MG,wk13,This study,ID050,The milk has separated (whey & curds),Cow milk (skim),wk09 - wk13
TG_ID052_MG_T4_S78,TG_ID052_MG_T3_S64,0.130599137786082,ID052,MG,wk09,This study,ID052,The milk has thickened,Goat,ID052,MG,wk13,This study,ID052,The milk has thickened,Goat,wk09 - wk13
TG_ID054_MG_T4_S57,TG_ID054_MG_T3_S383,0.047983230200128,ID054,MG,wk09,This study,ID054,The milk has separated (whey & curds),Cow milk (whole),ID054,MG,wk13,This study,ID054,Looks unchanged,Cow milk (whole),wk09 - wk13
TG_ID115_MG_T4_S96,TG_ID115_MG_T3_S95,0.97065176832418,ID115,MG,wk09,This study,ID115,Looks unchanged,Cow milk (low fat),ID115,MG,wk13,This study,ID115,Looks unchanged,Cow milk (low fat),wk09 - wk13
TG_ID056_WL_T5_S95,TG_ID056_WL_T4_S34,0.82233106422739,ID056,WL,wk13,This study,ID056,It looks unchanged,Brown sugar-None,ID056,WL,wk17,This study,ID056,It looks unchanged,Brown sugar-None,wk13 - wk17
TG_ID058_WL_T5_S72,TG_ID058_WL_T4_S36,0.490332518612451,ID058,WL,wk13,This study,ID058,It looks unchanged,White sugar-dried fig,ID058,WL,wk17,This study,ID058,It looks unchanged,White sugar-dried fig,wk13 - wk17
TG_ID061_WL_T5_S145,TG_ID061_WL_T4_S38,0.0288789249654777,ID061,WL,wk13,This study,ID061,It is bubbeling,White sugar-dried apricot,ID061,WL,wk17,This study,ID061,It is bubbeling,White sugar-dried apricot,wk13 - wk17
TG_ID070_WL_T5_S44,TG_ID070_WL_T4_S64,0.240413230908393,ID070,WL,wk13,This study,ID070,It looks unchanged,Brown sugar-None,ID070,WL,wk17,This study,ID070,NA,Brown sugar-None,wk13 - wk17
TG_ID082_WL_T5_S405,TG_ID082_WL_T4_S84,0.574122724811375,ID082,WL,wk13,This study,ID082,There is a biofilm on top of the liquid,White sugar-dried apricot,ID082,WL,wk17,This study,ID082,It looks unchanged,White sugar-dried apricot,wk13 - wk17
TG_ID083_WL_T5_S29,TG_ID083_WL_T4_S40,0.485326836241825,ID083,WL,wk13,This study,ID083,It looks unchanged,White sugar-dried fig and fresh lemon,ID083,WL,wk17,This study,ID083,NA,White sugar-dried fig and fresh lemon,wk13 - wk17
TG_ID084_WL_T5_S53,TG_ID084_WL_T4_S149,0.641757773989144,ID084,WL,wk13,This study,ID084,It looks unchanged,White sugar-dried apricot,ID084,WL,wk17,This study,ID084,NA,White sugar-dried apricot,wk13 - wk17
TG_ID085_WL_T5_S77,TG_ID085_WL_T4_S42,0.242047411069057,ID085,WL,wk13,This study,ID085,It is bubbeling,White sugar-dried fig and fresh lemon,ID085,WL,wk17,This study,ID085,It is bubbeling,White sugar-dried fig and fresh lemon,wk13 - wk17
TG_ID086_WL_T5_S6,TG_ID086_WL_T4_S44,0.323870053528686,ID086,WL,wk13,This study,ID086,It looks unchanged,Brown sugar-None,ID086,WL,wk17,This study,ID086,It looks unchanged,Brown sugar-None,wk13 - wk17
TG_ID087_WL_T5_S30,TG_ID087_WL_T4_S46,0.559553471044622,ID087,WL,wk13,This study,ID087,There is a biofilm on top of the liquid,White sugar-dried fig and fresh lemon,ID087,WL,wk17,This study,ID087,NA,White sugar-dried fig and fresh lemon,wk13 - wk17
TG_ID088_WL_T5_S54,TG_ID088_WL_T4_S48,0.309750684567885,ID088,WL,wk13,This study,ID088,It is bubbeling,White sugar-dried fig and fresh lemon,ID088,WL,wk17,This study,ID088,It is bubbeling,White sugar-dried fig and fresh lemon,wk13 - wk17
TG_ID089_WL_T5_S78,TG_ID089_WL_T4_S50,0.186842499122116,ID089,WL,wk13,This study,ID089,There is a biofilm on top of the liquid,White sugar-dried apricot,ID089,WL,wk17,This study,ID089,NA,White sugar-dried apricot,wk13 - wk17
TG_ID092_WL_T5_S94,TG_ID092_WL_T4_S23,0.848841586940931,ID092,WL,wk13,This study,ID092,NA,White sugar-dried apricot,ID092,WL,wk17,This study,ID092,NA,White sugar-dried apricot,wk13 - wk17
TG_ID097_WL_T5_S9,TG_ID097_WL_T4_S32,0.49465476540918,ID097,WL,wk13,This study,ID097,NA,White sugar-dried fig,ID097,WL,wk17,This study,ID097,NA,White sugar-dried fig,wk13 - wk17
TG_ID103_WL_T5_S24,TG_ID103_WL_T4_S158,0.840401166809832,ID103,WL,wk13,This study,ID103,It is bubbeling,White sugar-dried fig,ID103,WL,wk17,This study,ID103,It is bubbeling,White sugar-dried fig,wk13 - wk17
TG_ID107_WL_T5_S111,TG_ID107_WL_T4_S110,0.204019697678034,ID107,WL,wk13,This study,ID107,NA,White sugar-dried apricot,ID107,WL,wk17,This study,ID107,NA,White sugar-dried apricot,wk13 - wk17
TG_ID110_WL_T5_S28,TG_ID110_WL_T4_S27,0.383890210688357,ID110,WL,wk13,This study,ID110,There is a biofilm on top of the liquid,White sugar-dried fig,ID110,WL,wk17,This study,ID110,It is bubbeling,White sugar-dried fig,wk13 - wk17
TG_ID056_WG_T5_S83,TG_ID056_WG_T4_S33,0.650523310840104,ID056,WG,wk13,This study,ID056,It looks unchanged,Brown sugar-None,ID056,WG,wk17,This study,ID056,It looks unchanged,Brown sugar-None,wk13 - wk17
TG_ID058_WG_T5_S60,TG_ID058_WG_T4_S35,0.324142926737815,ID058,WG,wk13,This study,ID058,It looks unchanged,White sugar-dried fig,ID058,WG,wk17,This study,ID058,It looks unchanged,White sugar-dried fig,wk13 - wk17
TG_ID061_WG_T5_S133,TG_ID061_WG_T4_S37,0.142238231701143,ID061,WG,wk13,This study,ID061,It is bubbeling,White sugar-dried apricot,ID061,WG,wk17,This study,ID061,It is bubbeling,White sugar-dried apricot,wk13 - wk17
TG_ID070_WG_T5_S32,TG_ID070_WG_T4_S63,0.18112247556726,ID070,WG,wk13,This study,ID070,It looks unchanged,Brown sugar-None,ID070,WG,wk17,This study,ID070,NA,Brown sugar-None,wk13 - wk17
TG_ID082_WG_T5_S131,TG_ID082_WG_T4_S130,0.114710251184149,ID082,WG,wk13,This study,ID082,There is a biofilm on top of the liquid,White sugar-dried apricot,ID082,WG,wk17,This study,ID082,It looks unchanged,White sugar-dried apricot,wk13 - wk17
TG_ID083_WG_T5_S17,TG_ID083_WG_T4_S39,0.604803666618146,ID083,WG,wk13,This study,ID083,It looks unchanged,White sugar-dried fig and fresh lemon,ID083,WG,wk17,This study,ID083,NA,White sugar-dried fig and fresh lemon,wk13 - wk17
TG_ID084_WG_T5_S41,TG_ID084_WG_T4_S132,0.491539871716279,ID084,WG,wk13,This study,ID084,It looks unchanged,White sugar-dried apricot,ID084,WG,wk17,This study,ID084,NA,White sugar-dried apricot,wk13 - wk17
TG_ID085_WG_T5_S65,TG_ID085_WG_T4_S41,0.164824428911959,ID085,WG,wk13,This study,ID085,It is bubbeling,White sugar-dried fig and fresh lemon,ID085,WG,wk17,This study,ID085,It is bubbeling,White sugar-dried fig and fresh lemon,wk13 - wk17
TG_ID086_WG_T5_S89,TG_ID086_WG_T4_S43,0.311595904741933,ID086,WG,wk13,This study,ID086,It looks unchanged,Brown sugar-None,ID086,WG,wk17,This study,ID086,It looks unchanged,Brown sugar-None,wk13 - wk17
TG_ID087_WG_T5_S18,TG_ID087_WG_T4_S45,0.147068075629373,ID087,WG,wk13,This study,ID087,There is a biofilm on top of the liquid,White sugar-dried fig and fresh lemon,ID087,WG,wk17,This study,ID087,NA,White sugar-dried fig and fresh lemon,wk13 - wk17
TG_ID088_WG_T5_S42,TG_ID088_WG_T4_S47,0.674683144823432,ID088,WG,wk13,This study,ID088,It is bubbeling,White sugar-dried fig and fresh lemon,ID088,WG,wk17,This study,ID088,It is bubbeling,White sugar-dried fig and fresh lemon,wk13 - wk17
TG_ID089_WG_T5_S66,TG_ID089_WG_T4_S49,0.0912124415420217,ID089,WG,wk13,This study,ID089,There is a biofilm on top of the liquid,White sugar-dried apricot,ID089,WG,wk17,This study,ID089,NA,White sugar-dried apricot,wk13 - wk17
TG_ID090_WG_T5_S90,TG_ID090_WG_T4_S51,0.128691993296266,ID090,WG,wk13,This study,ID090,It is bubbeling,White sugar-dried apricot,ID090,WG,wk17,This study,ID090,It looks unchanged,White sugar-dried apricot,wk13 - wk17
TG_ID092_WG_T5_S82,TG_ID092_WG_T4_S17,0.83964544082582,ID092,WG,wk13,This study,ID092,NA,White sugar-dried apricot,ID092,WG,wk17,This study,ID092,NA,White sugar-dried apricot,wk13 - wk17
TG_ID097_WG_T5_S68,TG_ID097_WG_T4_S31,0.633551179457234,ID097,WG,wk13,This study,ID097,NA,White sugar-dried fig,ID097,WG,wk17,This study,ID097,NA,White sugar-dried fig,wk13 - wk17
TG_ID103_WG_T5_S18,TG_ID103_WG_T4_S79,0.0896601166181435,ID103,WG,wk13,This study,ID103,It is bubbeling,White sugar-dried fig,ID103,WG,wk17,This study,ID103,It is bubbeling,White sugar-dried fig,wk13 - wk17
TG_ID107_WG_T5_S107,TG_ID107_WG_T4_S106,0.115459124718679,ID107,WG,wk13,This study,ID107,NA,White sugar-dried apricot,ID107,WG,wk17,This study,ID107,NA,White sugar-dried apricot,wk13 - wk17
TG_ID110_WG_T5_S22,TG_ID110_WG_T4_S21,0.1370328735247,ID110,WG,wk13,This study,ID110,There is a biofilm on top of the liquid,White sugar-dried fig,ID110,WG,wk17,This study,ID110,It is bubbeling,White sugar-dried fig,wk13 - wk17
TG_ID113_WG_T5_S19,TG_ID113_WG_T4_S99,0.0311513791284285,ID113,WG,wk13,This study,ID113,NA,Brown sugar-None,ID113,WG,wk17,This study,ID113,It looks unchanged,Brown sugar-None,wk13 - wk17
TG_ID010_ML_T5_S120,TG_ID010_ML_T4_S80,0.233152526938898,ID010,ML,wk13,This study,ID010,Looks unchanged,Cow milk (low fat),ID010,ML,wk17,This study,ID010,Looks unchanged,Cow milk (low fat),wk13 - wk17
TG_ID012_ML_T5_S141,TG_ID012_ML_T4_S140,0.945053299721079,ID012,ML,wk13,This study,ID012,Looks unchanged,Cow milk (whole),ID012,ML,wk17,This study,ID012,The milk has thickened,Cow milk (whole),wk13 - wk17
TG_ID036_ML_T5_S149,TG_ID036_ML_T4_S10,0.42608504595048,ID036,ML,wk13,This study,ID036,The milk has thickened,Goat,ID036,ML,wk17,This study,ID036,Looks unchanged,Goat,wk13 - wk17
TG_ID037_ML_T5_S57,TG_ID037_ML_T4_S30,0.805296925030724,ID037,ML,wk13,This study,ID037,The milk has thickened,Goat,ID037,ML,wk17,This study,ID037,The milk has separated (whey & curds),Goat,wk13 - wk17
TG_ID048_ML_T5_S31,TG_ID048_ML_T4_S14,0.345188653069542,ID048,ML,wk13,This study,ID048,NA,Goat,ID048,ML,wk17,This study,ID048,NA,Goat,wk13 - wk17
TG_ID050_ML_T5_S168,TG_ID050_ML_T4_S82,0.829612602239839,ID050,ML,wk13,This study,ID050,The milk has separated (whey & curds),Cow milk (skim),ID050,ML,wk17,This study,ID050,The milk has separated (whey & curds),Cow milk (skim),wk13 - wk17
TG_ID052_ML_T5_S155,TG_ID052_ML_T4_S156,0.558858804202447,ID052,ML,wk13,This study,ID052,The milk has thickened,Goat,ID052,ML,wk17,This study,ID052,Looks unchanged,Goat,wk13 - wk17
TG_ID053_ML_T5_S114,TG_ID053_ML_T4_S116,0.336460209303285,ID053,ML,wk13,This study,ID053,Looks unchanged,Goat,ID053,ML,wk17,This study,ID053,Looks unchanged,Goat,wk13 - wk17
TG_ID054_ML_T5_S10,TG_ID054_ML_T4_S58,0.437970346824063,ID054,ML,wk13,This study,ID054,Looks unchanged,Cow milk (whole),ID054,ML,wk17,This study,ID054,The milk has separated (whey & curds),Cow milk (whole),wk13 - wk17
TG_ID115_ML_T5_S126,TG_ID115_ML_T4_S125,0.742788190686172,ID115,ML,wk13,This study,ID115,Looks unchanged,Cow milk (low fat),ID115,ML,wk17,This study,ID115,NA,Cow milk (low fat),wk13 - wk17
TG_ID125_ML_T5_S120,TG_ID125_ML_T4_S12,0.935632280147364,ID125,ML,wk13,This study,ID125,The milk has thickened,Goat,ID125,ML,wk17,This study,ID125,The milk has separated (whey & curds),Goat,wk13 - wk17
TG_ID010_MG_T5_S176,TG_ID010_MG_T4_S61,0.0523097468963618,ID010,MG,wk13,This study,ID010,Looks unchanged,Cow milk (low fat),ID010,MG,wk17,This study,ID010,Looks unchanged,Cow milk (low fat),wk13 - wk17
TG_ID012_MG_T5_S125,TG_ID012_MG_T4_S74,0.0168157452320432,ID012,MG,wk13,This study,ID012,Looks unchanged,Cow milk (whole),ID012,MG,wk17,This study,ID012,The milk has thickened,Cow milk (whole),wk13 - wk17
TG_ID036_MG_T5_S137,TG_ID036_MG_T4_S9,0.0842097836572221,ID036,MG,wk13,This study,ID036,The milk has thickened,Goat,ID036,MG,wk17,This study,ID036,Looks unchanged,Goat,wk13 - wk17
TG_ID037_MG_T5_S45,TG_ID037_MG_T4_S29,0.0756860121777751,ID037,MG,wk13,This study,ID037,The milk has thickened,Goat,ID037,MG,wk17,This study,ID037,The milk has separated (whey & curds),Goat,wk13 - wk17
TG_ID042_MG_T5_S165,TG_ID042_MG_T4_S170,0.457740709227111,ID042,MG,wk13,This study,ID042,The milk has separated (whey & curds),Cow milk (skim),ID042,MG,wk17,This study,ID042,The milk has thickened,Cow milk (skim),wk13 - wk17
TG_ID048_MG_T5_S19,TG_ID048_MG_T4_S13,0.294328235937041,ID048,MG,wk13,This study,ID048,NA,Goat,ID048,MG,wk17,This study,ID048,NA,Goat,wk13 - wk17
TG_ID050_MG_T5_S390,TG_ID050_MG_T4_S83,0.0831133460009917,ID050,MG,wk13,This study,ID050,The milk has separated (whey & curds),Cow milk (skim),ID050,MG,wk17,This study,ID050,The milk has separated (whey & curds),Cow milk (skim),wk13 - wk17
TG_ID052_MG_T5_S154,TG_ID052_MG_T4_S78,0.0731292956879496,ID052,MG,wk13,This study,ID052,The milk has thickened,Goat,ID052,MG,wk17,This study,ID052,Looks unchanged,Goat,wk13 - wk17
TG_ID054_MG_T5_S93,TG_ID054_MG_T4_S57,0.0533922287295458,ID054,MG,wk13,This study,ID054,Looks unchanged,Cow milk (whole),ID054,MG,wk17,This study,ID054,The milk has separated (whey & curds),Cow milk (whole),wk13 - wk17
TG_ID125_MG_T5_S102,TG_ID125_MG_T4_S11,0.465970337994182,ID125,MG,wk13,This study,ID125,The milk has thickened,Goat,ID125,MG,wk17,This study,ID125,The milk has separated (whey & curds),Goat,wk13 - wk17
TG_ID056_WL_T6_S24,TG_ID056_WL_T5_S95,0.995035779605715,ID056,WL,wk17,This study,ID056,It looks unchanged,Brown sugar-None,ID056,WL,wk21,This study,ID056,There is a biofilm on top of the liquid,Brown sugar-None,wk17 - wk21
TG_ID058_WL_T6_S96,TG_ID058_WL_T5_S72,0.487192809695861,ID058,WL,wk17,This study,ID058,It looks unchanged,White sugar-dried fig,ID058,WL,wk21,This study,ID058,There is a biofilm on top of the liquid,White sugar-dried fig,wk17 - wk21
TG_ID061_WL_T6_S169,TG_ID061_WL_T5_S145,0.229493875796526,ID061,WL,wk17,This study,ID061,It is bubbeling,White sugar-dried apricot,ID061,WL,wk21,This study,ID061,It looks unchanged,White sugar-dried apricot,wk17 - wk21
TG_ID092_WL_T6_S21,TG_ID092_WL_T5_S94,0.910731447045454,ID092,WL,wk17,This study,ID092,NA,White sugar-dried apricot,ID092,WL,wk21,This study,ID092,NA,White sugar-dried apricot,wk17 - wk21
TG_ID107_WL_T6_S112,TG_ID107_WL_T5_S111,0.392909720203763,ID107,WL,wk17,This study,ID107,NA,White sugar-dried apricot,ID107,WL,wk21,This study,ID107,NA,White sugar-dried apricot,wk17 - wk21
TG_ID110_WL_T6_S117,TG_ID110_WL_T5_S28,0.379505150022655,ID110,WL,wk17,This study,ID110,It is bubbeling,White sugar-dried fig,ID110,WL,wk21,This study,ID110,NA,White sugar-dried fig,wk17 - wk21
TG_ID113_WL_T6_S118,TG_ID113_WL_T5_S25,0.388445998090958,ID113,WL,wk17,This study,ID113,It looks unchanged,Brown sugar-None,ID113,WL,wk21,This study,ID113,It looks unchanged,Brown sugar-None,wk17 - wk21
TG_ID056_WG_T6_S12,TG_ID056_WG_T5_S83,0.288130714445355,ID056,WG,wk17,This study,ID056,It looks unchanged,Brown sugar-None,ID056,WG,wk21,This study,ID056,There is a biofilm on top of the liquid,Brown sugar-None,wk17 - wk21
TG_ID058_WG_T6_S84,TG_ID058_WG_T5_S60,0.219731971692545,ID058,WG,wk17,This study,ID058,It looks unchanged,White sugar-dried fig,ID058,WG,wk21,This study,ID058,There is a biofilm on top of the liquid,White sugar-dried fig,wk17 - wk21
TG_ID061_WG_T6_S157,TG_ID061_WG_T5_S133,0.135315416967692,ID061,WG,wk17,This study,ID061,It is bubbeling,White sugar-dried apricot,ID061,WG,wk21,This study,ID061,It looks unchanged,White sugar-dried apricot,wk17 - wk21
TG_ID084_WG_T6_S133,TG_ID084_WG_T5_S41,0.14100519852849,ID084,WG,wk17,This study,ID084,NA,White sugar-dried apricot,ID084,WG,wk21,This study,ID084,NA,White sugar-dried apricot,wk17 - wk21
TG_ID092_WG_T6_S80,TG_ID092_WG_T5_S82,0.886186949680012,ID092,WG,wk17,This study,ID092,NA,White sugar-dried apricot,ID092,WG,wk21,This study,ID092,NA,White sugar-dried apricot,wk17 - wk21
TG_ID107_WG_T6_S108,TG_ID107_WG_T5_S107,0.467732258730327,ID107,WG,wk17,This study,ID107,NA,White sugar-dried apricot,ID107,WG,wk21,This study,ID107,NA,White sugar-dried apricot,wk17 - wk21
TG_ID110_WG_T6_S92,TG_ID110_WG_T5_S22,0.232563594851796,ID110,WG,wk17,This study,ID110,It is bubbeling,White sugar-dried fig,ID110,WG,wk21,This study,ID110,NA,White sugar-dried fig,wk17 - wk21
TG_ID113_WG_T6_S100,TG_ID113_WG_T5_S19,0.0382687725679824,ID113,WG,wk17,This study,ID113,It looks unchanged,Brown sugar-None,ID113,WG,wk21,This study,ID113,It looks unchanged,Brown sugar-None,wk17 - wk21
TG_ID011_ML_T6_S52,TG_ID011_ML_T5_S122,0.324705088930842,ID011,ML,wk17,This study,ID011,Looks unchanged,Cow milk (whole),ID011,ML,wk21,This study,ID011,The milk has thickened,Cow milk (whole),wk17 - wk21
TG_ID036_ML_T6_S8,TG_ID036_ML_T5_S149,0.746386333885112,ID036,ML,wk17,This study,ID036,Looks unchanged,Goat,ID036,ML,wk21,This study,ID036,The milk has thickened,Goat,wk17 - wk21
TG_ID037_ML_T6_S81,TG_ID037_ML_T5_S57,0.653681840056561,ID037,ML,wk17,This study,ID037,The milk has separated (whey & curds),Goat,ID037,ML,wk21,This study,ID037,The milk has separated (whey & curds),Goat,wk17 - wk21
TG_ID048_ML_T6_S55,TG_ID048_ML_T5_S31,0.907938430434144,ID048,ML,wk17,This study,ID048,NA,Goat,ID048,ML,wk21,This study,ID048,NA,Goat,wk17 - wk21
TG_ID049_ML_T6_S33,TG_ID049_ML_T5_S139,0.928494400624174,ID049,ML,wk17,This study,ID049,The milk has thickened,Cow milk (skim),ID049,ML,wk21,This study,ID049,The milk has separated (whey & curds),Cow milk (skim),wk17 - wk21
TG_ID050_ML_T6_S179,TG_ID050_ML_T5_S168,0.724983438647942,ID050,ML,wk17,This study,ID050,The milk has separated (whey & curds),Cow milk (skim),ID050,ML,wk21,This study,ID050,NA,Cow milk (skim),wk17 - wk21
TG_ID053_ML_T6_S115,TG_ID053_ML_T5_S114,0.46213076515056,ID053,ML,wk17,This study,ID053,Looks unchanged,Goat,ID053,ML,wk21,This study,ID053,NA,Goat,wk17 - wk21
TG_ID054_ML_T6_S34,TG_ID054_ML_T5_S10,0.0403078769380301,ID054,ML,wk17,This study,ID054,The milk has separated (whey & curds),Cow milk (whole),ID054,ML,wk21,This study,ID054,The milk has separated (whey & curds),Cow milk (whole),wk17 - wk21
TG_ID115_ML_T6_S127,TG_ID115_ML_T5_S126,0.401131014590633,ID115,ML,wk17,This study,ID115,NA,Cow milk (low fat),ID115,ML,wk21,This study,ID115,The milk has thickened,Cow milk (low fat),wk17 - wk21
TG_ID124_ML_T6_S119,TG_ID124_ML_T5_S161,0.923360732544589,ID124,ML,wk17,This study,ID124,The milk has thickened,Cow milk (low fat),ID124,ML,wk21,This study,ID124,NA,Cow milk (low fat),wk17 - wk21
TG_ID011_MG_T6_S40,TG_ID011_MG_T5_S110,0.0520618475284605,ID011,MG,wk17,This study,ID011,Looks unchanged,Cow milk (whole),ID011,MG,wk21,This study,ID011,The milk has thickened,Cow milk (whole),wk17 - wk21
TG_ID036_MG_T6_S91,TG_ID036_MG_T5_S137,0.101399989954264,ID036,MG,wk17,This study,ID036,Looks unchanged,Goat,ID036,MG,wk21,This study,ID036,The milk has thickened,Goat,wk17 - wk21
TG_ID037_MG_T6_S69,TG_ID037_MG_T5_S45,0.75578708234702,ID037,MG,wk17,This study,ID037,The milk has separated (whey & curds),Goat,ID037,MG,wk21,This study,ID037,The milk has separated (whey & curds),Goat,wk17 - wk21
TG_ID048_MG_T6_S43,TG_ID048_MG_T5_S19,0.0431580542240803,ID048,MG,wk17,This study,ID048,NA,Goat,ID048,MG,wk21,This study,ID048,NA,Goat,wk17 - wk21
TG_ID049_MG_T6_S134,TG_ID049_MG_T5_S127,0.0227602741889514,ID049,MG,wk17,This study,ID049,The milk has thickened,Cow milk (skim),ID049,MG,wk21,This study,ID049,The milk has separated (whey & curds),Cow milk (skim),wk17 - wk21
TG_ID050_MG_T6_S395,TG_ID050_MG_T5_S390,0.0921791077858723,ID050,MG,wk17,This study,ID050,The milk has separated (whey & curds),Cow milk (skim),ID050,MG,wk21,This study,ID050,NA,Cow milk (skim),wk17 - wk21
TG_ID053_MG_T6_S91,TG_ID053_MG_T5_S90,0.272137927361384,ID053,MG,wk17,This study,ID053,Looks unchanged,Goat,ID053,MG,wk21,This study,ID053,NA,Goat,wk17 - wk21
TG_ID054_MG_T6_S22,TG_ID054_MG_T5_S93,0.0572643367593733,ID054,MG,wk17,This study,ID054,The milk has separated (whey & curds),Cow milk (whole),ID054,MG,wk21,This study,ID054,The milk has separated (whey & curds),Cow milk (whole),wk17 - wk21
TG_ID124_MG_T6_S101,TG_ID124_MG_T5_S138,0.0950958919639854,ID124,MG,wk17,This study,ID124,The milk has thickened,Cow milk (low fat),ID124,MG,wk21,This study,ID124,NA,Cow milk (low fat),wk17 - wk21
TG_ID125_MG_T6_S103,TG_ID125_MG_T5_S102,0.196690109092443,ID125,MG,wk17,This study,ID125,The milk has separated (whey & curds),Goat,ID125,MG,wk21,This study,ID125,Looks unchanged,Goat,wk17 - wk21
